1,4,FootRight,-0.1415147,0.04856003,0.0733487,0.9880518,-0.003505856,-0.1525205,0.02188308,2,FootLeft,-0.3412333,0.04358149,-0.04604234,0.9970444,0.003228575,-0.07609221,-0.01010162,3,Torso,-0.2610137,-0.01941311,0.04963815,-0.9796159,-0.001791064,0.2008718,-1.421571E-05,7,HandRight,-0.09029117,0.8464054,0.1461003,-0.668137,0.061774,0.3077599,0.674582,1,HandLeft,-0.484544,0.8356201,-0.02093856,0.7090542,-0.329481,-0.04810672,0.6215868
2,4,FootRight,-0.1414963,0.04830952,0.0736277,0.988065,-0.003341109,-0.1524543,0.02177455,2,FootLeft,-0.3412579,0.04358674,-0.04608582,0.9970445,0.003215104,-0.07608407,-0.01015968,3,Torso,-0.2605432,-0.01946914,0.04935661,-0.9796774,-0.001965994,0.20057,-7.241964E-06,7,HandRight,-0.08914872,0.8461297,0.1455902,-0.6697115,0.06168121,0.3061588,0.6737572,1,HandLeft,-0.4827357,0.8350976,-0.0221608,0.710219,-0.3250245,-0.05188052,0.6222994
3,4,FootRight,-0.1413865,0.04829782,0.07347594,0.9880819,-0.003323495,-0.1523459,0.02176839,2,FootLeft,-0.3410254,0.04366343,-0.04580203,0.997037,0.003560603,-0.0761599,-0.01021361,3,Torso,-0.2606522,-0.01953131,0.04883626,-0.9797686,-0.002244601,0.2001208,0.0002969503,7,HandRight,-0.08808662,0.845819,0.1451072,-0.6715413,0.06171158,0.3043852,0.6727358,1,HandLeft,-0.4811581,0.8346202,-0.02331822,0.7103387,-0.3223221,-0.05807811,0.6230205
4,4,FootRight,-0.1412014,0.04847647,0.07351808,0.9880815,-0.003409654,-0.1523626,0.02165896,2,FootLeft,-0.3409425,0.04357483,-0.0458623,0.9970437,0.003526658,-0.0760665,-0.01026465,3,Torso,-0.2607693,-0.01955354,0.04867655,-0.979839,-0.002318906,0.1997748,0.0005999804,7,HandRight,-0.08704455,0.8454949,0.1447667,-0.6732246,0.06091496,0.3036097,0.6714755,1,HandLeft,-0.4796697,0.8342133,-0.02471464,0.7099113,-0.3200294,-0.06321771,0.6241881
5,4,FootRight,-0.1413367,0.04811261,0.07368687,0.9880794,-0.003408998,-0.1523712,0.02169623,2,FootLeft,-0.3409062,0.04357561,-0.04588281,0.9970391,0.003694892,-0.07612077,-0.01024564,3,Torso,-0.2609834,-0.01952517,0.04827017,-0.9799598,-0.002366429,0.1991787,0.001086175,7,HandRight,-0.08606711,0.8451571,0.1443201,-0.6744396,0.05944806,0.3036956,0.6703478,1,HandLeft,-0.4780836,0.8335941,-0.02622879,0.7085636,-0.3190993,-0.06978829,0.6254941
6,4,FootRight,-0.1412071,0.0480415,0.07350967,0.9880757,-0.003594756,-0.1523871,0.02171752,2,FootLeft,-0.3408747,0.0435655,-0.04574653,0.9970385,0.003818721,-0.07611987,-0.0102733,3,Torso,-0.2612691,-0.01959872,0.04853502,-0.9799926,-0.002325935,0.1990155,0.001411766,7,HandRight,-0.08506112,0.8448203,0.1438511,-0.675408,0.05665135,0.3040397,0.6694585,1,HandLeft,-0.4766214,0.8332168,-0.0275349,0.706957,-0.3188183,-0.07630245,0.6266934
7,4,FootRight,-0.1412449,0.04840705,0.07354791,0.9880723,-0.003799558,-0.1524066,0.02170376,2,FootLeft,-0.3408441,0.04358296,-0.04574299,0.9970328,0.003934831,-0.07618344,-0.01031153,3,Torso,-0.2613716,-0.01944804,0.04902351,-0.9799286,-0.002030933,0.1993317,0.001645476,7,HandRight,-0.08415375,0.8446509,0.1435021,-0.6762441,0.05440575,0.3034632,0.669062,1,HandLeft,-0.4750931,0.8327509,-0.02877178,0.705824,-0.3198653,-0.0818902,0.6267318
8,4,FootRight,-0.1413055,0.04812625,0.07361639,0.9880706,-0.00385198,-0.1524063,0.0217705,2,FootLeft,-0.3408078,0.04357709,-0.04577123,0.9970236,0.004021823,-0.07631063,-0.01022239,3,Torso,-0.2612817,-0.01945955,0.04965666,-0.9798297,-0.001751384,0.1998193,0.00171423,7,HandRight,-0.08324553,0.8444848,0.1429479,-0.67609,0.05227584,0.302812,0.6696824,1,HandLeft,-0.4736106,0.8324783,-0.03012899,0.7053938,-0.3196793,-0.08628871,0.6267209
9,4,FootRight,-0.1412333,0.04808087,0.07343702,0.9880767,-0.003992469,-0.1523533,0.02184197,2,FootLeft,-0.3407841,0.04361307,-0.0458256,0.9970275,0.004081964,-0.07626003,-0.01020491,3,Torso,-0.2612756,-0.01954424,0.05035919,-0.9797502,-0.001481744,0.2002106,0.001759201,7,HandRight,-0.08238637,0.8442784,0.1426343,-0.6758692,0.05078951,0.3017156,0.6705139,1,HandLeft,-0.4722456,0.8321031,-0.03171192,0.7054611,-0.3177967,-0.09026326,0.6270427
10,4,FootRight,-0.141268,0.04848674,0.07348075,0.9880894,-0.004092515,-0.1522618,0.02188461,2,FootLeft,-0.3408381,0.04378302,-0.04578005,0.9970299,0.004174948,-0.07623106,-0.01014095,3,Torso,-0.261621,-0.01954484,0.05119157,-0.9796703,-0.001166413,0.2006015,0.001954138,7,HandRight,-0.08172652,0.8441907,0.1423423,-0.6760049,0.04935798,0.3006857,0.6709466,1,HandLeft,-0.4707716,0.831724,-0.03311089,0.7054886,-0.3153736,-0.09387529,0.6277044
11,4,FootRight,-0.1414111,0.04818574,0.07363091,0.9880916,-0.004091322,-0.1522474,0.02188442,2,FootLeft,-0.3407933,0.04378601,-0.04581466,0.9970165,0.004270136,-0.07640631,-0.01010555,3,Torso,-0.2620855,-0.01954556,0.05199236,-0.9796632,-0.0007640161,0.2006348,0.002264232,7,HandRight,-0.08117206,0.8439081,0.1417755,-0.6758834,0.04747435,0.3006572,0.6712177,1,HandLeft,-0.4691253,0.8313439,-0.03437751,0.7064481,-0.3125443,-0.09653521,0.627637
12,4,FootRight,-0.1413418,0.04812441,0.073447,0.988095,-0.004316657,-0.1522039,0.02198855,2,FootLeft,-0.3408681,0.04375654,-0.04580285,0.997026,0.004282683,-0.07628854,-0.01004129,3,Torso,-0.2630365,-0.0195533,0.05277264,-0.9797244,-0.0003388059,0.2003302,0.002809227,7,HandRight,-0.0805916,0.8435974,0.1413401,-0.6758027,0.04469886,0.3012537,0.671222,1,HandLeft,-0.4678495,0.8311895,-0.03565321,0.7067589,-0.3100497,-0.1002463,0.6279426
13,4,FootRight,-0.1413437,0.04847583,0.07345076,0.9880894,-0.004344076,-0.1522427,0.02197159,2,FootLeft,-0.3409069,0.04387033,-0.04576572,0.9970242,0.00431478,-0.07631332,-0.0100261,3,Torso,-0.2642193,-0.01948285,0.05382368,-0.9798244,0.0002233135,0.1998307,0.003461659,7,HandRight,-0.08024324,0.8434763,0.1409724,-0.675584,0.04157639,0.3017476,0.6714208,1,HandLeft,-0.466359,0.8308599,-0.0367861,0.7070967,-0.3077284,-0.103305,0.6282083
14,4,FootRight,-0.1415222,0.04813924,0.07361729,0.9880918,-0.004321724,-0.1522352,0.02191807,2,FootLeft,-0.3409302,0.04389317,-0.04580623,0.9970166,0.004358381,-0.07640692,-0.01005061,3,Torso,-0.264854,-0.01948935,0.05439562,-0.9798642,0.0005298778,0.1996263,0.003893405,7,HandRight,-0.07989369,0.8432095,0.1405774,-0.6751018,0.03819802,0.3025773,0.6717333,1,HandLeft,-0.4649978,0.8306321,-0.03812365,0.707525,-0.3057381,-0.1062815,0.6282014
15,4,FootRight,-0.1414327,0.04810624,0.07343829,0.9880904,-0.004397571,-0.1522337,0.02197962,2,FootLeft,-0.3409983,0.04385431,-0.04578607,0.9970286,0.004482448,-0.07626693,-0.009859301,3,Torso,-0.2654122,-0.01952755,0.05522349,-0.9798828,0.0009317603,0.1995268,0.004218698,7,HandRight,-0.07962841,0.8429192,0.1402064,-0.6748617,0.03529444,0.3034127,0.6717566,1,HandLeft,-0.4635901,0.8303558,-0.03924385,0.7079215,-0.3034991,-0.1090665,0.6283631
16,4,FootRight,-0.1413978,0.04834069,0.0734477,0.9880991,-0.004497468,-0.1521842,0.02190683,2,FootLeft,-0.3410014,0.0438652,-0.04578333,0.9970266,0.004515558,-0.07629221,-0.009850043,3,Torso,-0.2657854,-0.01957506,0.05575556,-0.9798846,0.00126517,0.1995093,0.004545242,7,HandRight,-0.07946506,0.8426937,0.1398455,-0.6743528,0.03269003,0.3045589,0.6718806,1,HandLeft,-0.4621703,0.830116,-0.04023729,0.7078996,-0.3015391,-0.1126163,0.628705
17,4,FootRight,-0.1414758,0.04805298,0.07354562,0.9880913,-0.004547566,-0.1522354,0.02189571,2,FootLeft,-0.3409532,0.04388542,-0.04575922,0.9970186,0.004674107,-0.07638448,-0.00988196,3,Torso,-0.2661638,-0.01957268,0.05663672,-0.979827,0.00171016,0.199783,0.00478071,7,HandRight,-0.07923988,0.8424265,0.139258,-0.6739337,0.02983868,0.3059469,0.6718031,1,HandLeft,-0.4609277,0.8299304,-0.04142407,0.7078569,-0.2998093,-0.1158627,0.6289903
18,4,FootRight,-0.1412446,0.04799474,0.07345699,0.9880913,-0.004650205,-0.1522355,0.02187056,2,FootLeft,-0.3408218,0.04389783,-0.04574037,0.997025,0.004665911,-0.0762889,-0.009977899,3,Torso,-0.2664312,-0.01959383,0.0575622,-0.9797521,0.002109239,0.2001406,0.005017817,7,HandRight,-0.07899028,0.8420932,0.1389346,-0.6740354,0.02633888,0.3073327,0.6712147,1,HandLeft,-0.4594604,0.8297656,-0.04235504,0.7078704,-0.2983636,-0.1184145,0.6291873
19,4,FootRight,-0.1412582,0.04833043,0.07348707,0.9880872,-0.004728705,-0.1522556,0.02189588,2,FootLeft,-0.3408273,0.04396022,-0.04573148,0.9970257,0.004715831,-0.07627639,-0.009969196,3,Torso,-0.2667704,-0.01954085,0.058539,-0.9796891,0.002680505,0.200436,0.005257279,7,HandRight,-0.0790547,0.8419167,0.1386973,-0.6742405,0.02341998,0.3083071,0.6706698,1,HandLeft,-0.4583102,0.829704,-0.04339921,0.7078508,-0.2975973,-0.1203289,0.629209
20,4,FootRight,-0.141388,0.04801832,0.07360638,0.9881003,-0.004624784,-0.1521664,0.02194758,2,FootLeft,-0.340875,0.04391699,-0.04572071,0.9970186,0.004770995,-0.07637117,-0.009936416,3,Torso,-0.2670182,-0.01959556,0.05894262,-0.9796227,0.002907938,0.200751,0.005469173,7,HandRight,-0.07917388,0.8416333,0.1383066,-0.6744288,0.02050014,0.3091236,0.6702001,1,HandLeft,-0.457443,0.8295972,-0.04453405,0.7078513,-0.2961877,-0.1224218,0.6294698
21,4,FootRight,-0.1413196,0.04798721,0.07343347,0.9881071,-0.004692197,-0.1521221,0.02193788,2,FootLeft,-0.3408692,0.04390728,-0.04572226,0.9970207,0.004747748,-0.07634443,-0.00994656,3,Torso,-0.2674197,-0.01966715,0.05944663,-0.9795796,0.003173728,0.2009509,0.005696833,7,HandRight,-0.07937566,0.8415361,0.1382053,-0.6747662,0.01765433,0.3096997,0.6696752,1,HandLeft,-0.4564205,0.8295428,-0.04543319,0.7080559,-0.2938125,-0.1248069,0.6298843
22,4,FootRight,-0.1413672,0.04833701,0.07346658,0.9881177,-0.004693836,-0.1520551,0.02192421,2,FootLeft,-0.3409078,0.04397536,-0.04570174,0.9970199,0.004787058,-0.0763498,-0.009956529,3,Torso,-0.267548,-0.0197072,0.06011379,-0.9795837,0.003449047,0.2009234,0.005806417,7,HandRight,-0.07943646,0.8413067,0.1379266,-0.6747552,0.01520795,0.3105759,0.6693407,1,HandLeft,-0.4555323,0.8295487,-0.04625487,0.7081094,-0.2921011,-0.1269332,0.6301953
23,4,FootRight,-0.1416433,0.04788371,0.07374482,0.9881122,-0.004630357,-0.1520884,0.0219545,2,FootLeft,-0.3410771,0.0438601,-0.04558898,0.9970242,0.004971563,-0.07629842,-0.009820954,3,Torso,-0.2680166,-0.01969796,0.06058621,-0.9795846,0.003697273,0.2009052,0.006132722,7,HandRight,-0.07944342,0.8409615,0.1378647,-0.6741475,0.01348361,0.3119822,0.669336,1,HandLeft,-0.4547674,0.8293996,-0.04715396,0.7080293,-0.2911702,-0.1286338,0.6303711
24,4,FootRight,-0.1415282,0.04783493,0.07360928,0.9881082,-0.004615366,-0.1521117,0.02197461,2,FootLeft,-0.3410616,0.04383682,-0.04557243,0.9970206,0.005018383,-0.0763506,-0.009766417,3,Torso,-0.2682402,-0.01960665,0.06125143,-0.9795588,0.004055864,0.2010198,0.006258518,7,HandRight,-0.07928154,0.8406524,0.137796,-0.673332,0.01234192,0.3137194,0.6693667,1,HandLeft,-0.4538913,0.8293167,-0.04788901,0.7081727,-0.2904868,-0.1299194,0.6302618
25,4,FootRight,-0.1415797,0.04817723,0.07367122,0.9881151,-0.004663199,-0.1520805,0.02187329,2,FootLeft,-0.3410959,0.04386975,-0.04554416,0.997025,0.005033255,-0.07629659,-0.009730032,3,Torso,-0.268666,-0.01957387,0.06194103,-0.979491,0.004312118,0.2013387,0.006445289,7,HandRight,-0.07929383,0.8405875,0.137843,-0.6725563,0.01185787,0.3151144,0.6695001,1,HandLeft,-0.4532457,0.8294561,-0.04846693,0.708571,-0.2895555,-0.1306894,0.6300834
26,4,FootRight,-0.1415162,0.04802631,0.07367057,0.9881022,-0.004728794,-0.1521678,0.0218344,2,FootLeft,-0.3410755,0.04386666,-0.04551942,0.9970163,0.005144745,-0.07639323,-0.009810073,3,Torso,-0.2688083,-0.01952708,0.06254384,-0.9794205,0.004605332,0.2016717,0.006543607,7,HandRight,-0.07911467,0.8404214,0.1378675,-0.6717967,0.01094645,0.3164291,0.6696581,1,HandLeft,-0.4525072,0.8295212,-0.04927338,0.709027,-0.2882492,-0.1314233,0.6300167
27,4,FootRight,-0.141378,0.04797219,0.07354,0.9881039,-0.004821807,-0.1521463,0.02188686,2,FootLeft,-0.3408977,0.04396541,-0.04563313,0.9970244,0.00492999,-0.07628017,-0.009967072,3,Torso,-0.2688036,-0.01951903,0.06263489,-0.9793282,0.00467108,0.2021165,0.006598711,7,HandRight,-0.07901201,0.8403254,0.1381608,-0.6713677,0.0105757,0.3173078,0.6696785,1,HandLeft,-0.4518701,0.8295514,-0.04970115,0.7101706,-0.2853294,-0.1307488,0.630198
28,4,FootRight,-0.1413233,0.04821316,0.07357597,0.9881178,-0.004809648,-0.1520666,0.0218147,2,FootLeft,-0.3407997,0.04393014,-0.04560915,0.9970143,0.005049795,-0.07639702,-0.01002606,3,Torso,-0.2687954,-0.01959348,0.06259099,-0.9793001,0.004690738,0.2022479,0.006715596,7,HandRight,-0.07897419,0.8402653,0.1385664,-0.6710887,0.01018357,0.3176765,0.6697894,1,HandLeft,-0.4512746,0.8295216,-0.05026542,0.7106732,-0.2833976,-0.1310711,0.6304362
29,4,FootRight,-0.1414338,0.04794087,0.07370752,0.9881108,-0.004804015,-0.152104,0.02187371,2,FootLeft,-0.3407701,0.04391455,-0.04561483,0.9970114,0.005022794,-0.0764371,-0.01002327,3,Torso,-0.2688126,-0.01960957,0.06249991,-0.9793067,0.004645424,0.2022135,0.006823242,7,HandRight,-0.0789578,0.8402106,0.1390841,-0.6707615,0.009779692,0.3177691,0.6700792,1,HandLeft,-0.4509318,0.8294829,-0.0506192,0.7110907,-0.2821057,-0.130797,0.6306018
30,4,FootRight,-0.1413756,0.04791556,0.07348183,0.9881217,-0.004882842,-0.1520235,0.02191758,2,FootLeft,-0.3407963,0.04391029,-0.04565524,0.9970235,0.004965723,-0.07628392,-0.0100146,3,Torso,-0.2689384,-0.0196172,0.06217933,-0.9793459,0.004525696,0.2020214,0.006969482,7,HandRight,-0.07898349,0.8402748,0.1397184,-0.6704939,0.00936076,0.3181312,0.6701813,1,HandLeft,-0.4505558,0.8294796,-0.0509848,0.7118194,-0.2808076,-0.1306235,0.6303949
31,4,FootRight,-0.1414098,0.04827724,0.07352858,0.9881147,-0.004918754,-0.1520657,0.0219345,2,FootLeft,-0.340791,0.04398747,-0.04564202,0.9970173,0.005064458,-0.07635958,-0.01001035,3,Torso,-0.2690123,-0.01966548,0.06172168,-0.979385,0.004311819,0.2018297,0.007156491,7,HandRight,-0.07898074,0.8404882,0.1404402,-0.6700166,0.007614017,0.319979,0.6698009,1,HandLeft,-0.450331,0.8295781,-0.05121662,0.7124138,-0.279598,-0.130727,0.6302397
32,4,FootRight,-0.1414765,0.04803606,0.07365912,0.9881222,-0.004886985,-0.1520229,0.02190327,2,FootLeft,-0.3407597,0.04398952,-0.04566313,0.9970215,0.005004644,-0.07631104,-0.009986077,3,Torso,-0.2693241,-0.01965678,0.061497,-0.9794036,0.004220275,0.2017315,0.007429391,7,HandRight,-0.07870242,0.8405551,0.1409194,-0.6686206,0.004915267,0.3231937,0.6696777,1,HandLeft,-0.4501051,0.8296283,-0.05140088,0.7130197,-0.2789504,-0.1306344,0.6298605
33,4,FootRight,-0.1413839,0.0480033,0.07346749,0.9881089,-0.004997254,-0.1521091,0.02188156,2,FootLeft,-0.3407373,0.04399685,-0.04567572,0.9970195,0.005058855,-0.0763414,-0.009932206,3,Torso,-0.2693527,-0.01969755,0.0613701,-0.979383,0.004120843,0.2018318,0.007482112,7,HandRight,-0.07847312,0.8406263,0.1413947,-0.6670586,0.00247556,0.3264517,0.6696684,1,HandLeft,-0.4498346,0.8296578,-0.05159925,0.713715,-0.2778886,-0.1305682,0.6295561
34,4,FootRight,-0.1413185,0.04825427,0.07348853,0.9881155,-0.00494355,-0.1520774,0.02181219,2,FootLeft,-0.3407238,0.04398931,-0.04569257,0.9970251,0.00504902,-0.07627165,-0.009906404,3,Torso,-0.2692629,-0.01978242,0.06091666,-0.979341,0.00397259,0.2020343,0.007590622,7,HandRight,-0.0783665,0.8407446,0.1419617,-0.6659056,0.0005430281,0.3287544,0.6696941,1,HandLeft,-0.4497508,0.8297114,-0.0517827,0.7142965,-0.2772794,-0.1305188,0.6291753
35,4,FootRight,-0.1413489,0.04803827,0.07356159,0.9881042,-0.004923403,-0.1521531,0.02180422,2,FootLeft,-0.3406725,0.04401556,-0.04568611,0.9970168,0.005114049,-0.07637754,-0.009895017,3,Torso,-0.2689707,-0.01980698,0.06069303,-0.9792903,0.003848856,0.2022844,0.007537723,7,HandRight,-0.078199,0.8408502,0.1424672,-0.6646544,-0.001907945,0.3313827,0.6696391,1,HandLeft,-0.4496826,0.8297684,-0.05181375,0.7146223,-0.2772929,-0.1310754,0.6286836
36,4,FootRight,-0.1413718,0.04803385,0.07334206,0.9881188,-0.004948467,-0.1520508,0.02184871,2,FootLeft,-0.3407181,0.04401558,-0.04573962,0.997021,0.005062223,-0.0763297,-0.00987002,3,Torso,-0.2684222,-0.0198645,0.06038928,-0.9792312,0.003688752,0.2025815,0.007304549,7,HandRight,-0.07829544,0.8410127,0.142952,-0.6637384,-0.004371747,0.3339685,0.6692513,1,HandLeft,-0.449734,0.8298352,-0.0518877,0.7147905,-0.2780388,-0.1317295,0.6280258
37,4,FootRight,-0.1413633,0.04837918,0.07342573,0.9881281,-0.004930496,-0.1519995,0.02178857,2,FootLeft,-0.3407316,0.04411923,-0.0457368,0.9970227,0.005078256,-0.07631319,-0.009810267,3,Torso,-0.2679211,-0.01997149,0.05989575,-0.9791647,0.003428164,0.2029123,0.007164955,7,HandRight,-0.07828666,0.8410298,0.143424,-0.6630351,-0.006598502,0.3364618,0.6686811,1,HandLeft,-0.4498681,0.8299649,-0.05176701,0.7149754,-0.279518,-0.1320511,0.6270905
38,4,FootRight,-0.1415152,0.04804006,0.07357107,0.9881198,-0.00491184,-0.1520449,0.02185244,2,FootLeft,-0.3408433,0.04404472,-0.04572194,0.9970204,0.005091399,-0.0763507,-0.009751607,3,Torso,-0.2677074,-0.0200243,0.05952361,-0.9791409,0.003229814,0.2030304,0.00716868,7,HandRight,-0.07832828,0.8410342,0.1438305,-0.6622778,-0.009078413,0.3388617,0.6681905,1,HandLeft,-0.4500629,0.829996,-0.05154742,0.7152768,-0.2802443,-0.1316952,0.6264972
39,4,FootRight,-0.1414845,0.04800986,0.07336084,0.9881165,-0.005063087,-0.1520441,0.02197529,2,FootLeft,-0.3408262,0.04404328,-0.04572556,0.9970214,0.005111635,-0.07633274,-0.009773811,3,Torso,-0.2679019,-0.01999098,0.05931193,-0.9791136,0.003176095,0.2031552,0.007382572,7,HandRight,-0.07843107,0.8410491,0.1441298,-0.6615539,-0.01164508,0.3414938,0.6675274,1,HandLeft,-0.4502674,0.830124,-0.05134762,0.7159701,-0.2797651,-0.130789,0.6261092
40,4,FootRight,-0.1414463,0.04824763,0.07339194,0.9881228,-0.005085319,-0.1520218,0.02183473,2,FootLeft,-0.3408001,0.04399671,-0.04577494,0.9970148,0.005101979,-0.07641263,-0.009828255,3,Torso,-0.2678785,-0.02004355,0.05901343,-0.9790982,0.003147501,0.2032244,0.007536471,7,HandRight,-0.07847956,0.8410496,0.1444776,-0.6606821,-0.01395917,0.3441707,0.6669714,1,HandLeft,-0.4504865,0.8302375,-0.05110711,0.7168483,-0.2780821,-0.129518,0.6261182
41,4,FootRight,-0.1416367,0.04787876,0.07357967,0.9881179,-0.005044847,-0.1520541,0.02184202,2,FootLeft,-0.3408645,0.04393478,-0.04574022,0.9970198,0.005120814,-0.07634925,-0.00980263,3,Torso,-0.2679466,-0.02006906,0.05895334,-0.9790688,0.003142073,0.2033617,0.007655949,7,HandRight,-0.07854807,0.8409143,0.1446493,-0.6597207,-0.01644672,0.3471131,0.6663412,1,HandLeft,-0.4508155,0.8302857,-0.05075263,0.7176338,-0.2768228,-0.1286877,0.6259475
42,4,FootRight,-0.1416468,0.04783483,0.07341351,0.9881158,-0.005141407,-0.1520633,0.0218517,2,FootLeft,-0.3409121,0.04392536,-0.04577108,0.9970188,0.005060107,-0.07636943,-0.009785525,3,Torso,-0.2680081,-0.02003503,0.05913308,-0.9789932,0.00329939,0.2037203,0.007722556,7,HandRight,-0.07865165,0.8408475,0.144871,-0.658799,-0.01862636,0.3495546,0.6659192,1,HandLeft,-0.4511438,0.8304003,-0.0504362,0.7185917,-0.2749953,-0.127588,0.6258793
43,4,FootRight,-0.1417356,0.04820292,0.07349182,0.9881153,-0.005146027,-0.1520666,0.02185139,2,FootLeft,-0.3409656,0.04400923,-0.04574254,0.9970214,0.005095303,-0.07633284,-0.00977827,3,Torso,-0.267817,-0.0199334,0.05950058,-0.9789219,0.00351744,0.204061,0.007661432,7,HandRight,-0.0787677,0.840948,0.1453315,-0.65771,-0.0204311,0.3514137,0.6659645,1,HandLeft,-0.4514987,0.8305754,-0.05010572,0.7191945,-0.273698,-0.1260566,0.6260659
44,4,FootRight,-0.1417965,0.04798695,0.07354903,0.9881154,-0.005170435,-0.1520681,0.02183297,2,FootLeft,-0.3409645,0.04402498,-0.04576008,0.9970189,0.005142987,-0.0763596,-0.009810662,3,Torso,-0.2676227,-0.01989985,0.05969796,-0.978843,0.003638121,0.2044399,0.007588595,7,HandRight,-0.07883132,0.8409283,0.1454536,-0.6570498,-0.02265857,0.3535515,0.6654124,1,HandLeft,-0.4517894,0.8306725,-0.04968539,0.7196737,-0.2732513,-0.1247755,0.6259669
45,4,FootRight,-0.1417279,0.04794715,0.07340533,0.988115,-0.005218953,-0.1520706,0.02181946,2,FootLeft,-0.3409698,0.04399782,-0.04574082,0.9970198,0.005088389,-0.07635657,-0.009762826,3,Torso,-0.267359,-0.01994526,0.05980521,-0.9787597,0.003627208,0.2048419,0.00748992,7,HandRight,-0.07919256,0.8408898,0.1455136,-0.6568035,-0.02500333,0.3556295,0.6644635,1,HandLeft,-0.4521777,0.8307527,-0.04930418,0.7201024,-0.2733743,-0.1234887,0.6256753
46,4,FootRight,-0.1416749,0.04818304,0.07355187,0.9881312,-0.005287707,-0.151966,0.02179845,2,FootLeft,-0.3409623,0.0439693,-0.04575652,0.9970149,0.005118489,-0.07641406,-0.009801066,3,Torso,-0.266627,-0.0200913,0.05891162,-0.9787068,0.003083801,0.205112,0.007239014,7,HandRight,-0.07929139,0.8408057,0.1456959,-0.6565222,-0.02735303,0.3575753,0.6636043,1,HandLeft,-0.4524647,0.8308234,-0.04874063,0.7205039,-0.2737002,-0.1225398,0.625257
47,4,FootRight,-0.1416543,0.04803614,0.07359147,0.9881246,-0.005245894,-0.1520258,0.02169175,2,FootLeft,-0.3408487,0.04401633,-0.04567316,0.9970199,0.005221337,-0.07633375,-0.009865826,3,Torso,-0.2660008,-0.02016813,0.05813619,-0.9786916,0.002632404,0.2051975,0.007051677,7,HandRight,-0.07930593,0.8410995,0.1454805,-0.6562539,-0.03040943,0.3596863,0.6625949,1,HandLeft,-0.4527749,0.8309208,-0.04833093,0.7209405,-0.2737111,-0.1211429,0.6250212
48,4,FootRight,-0.1415941,0.04801253,0.0734431,0.9881244,-0.005257547,-0.1520217,0.02172638,2,FootLeft,-0.3408506,0.04401738,-0.04566455,0.9970177,0.005210787,-0.07636029,-0.009889003,3,Torso,-0.265123,-0.02026373,0.05675066,-0.9787191,0.001884599,0.2050814,0.006860703,7,HandRight,-0.07940419,0.8411275,0.1455626,-0.6559331,-0.03338024,0.3616052,0.6617244,1,HandLeft,-0.4531256,0.8310279,-0.04778454,0.7213691,-0.2733445,-0.1200408,0.6248997
49,4,FootRight,-0.1416084,0.04832266,0.07346152,0.988131,-0.005254686,-0.1519919,0.02163155,2,FootLeft,-0.3408691,0.04403035,-0.04567748,0.9970137,0.005207419,-0.07640725,-0.009920586,3,Torso,-0.2645457,-0.02037042,0.05573291,-0.9787631,0.001317557,0.20488,0.006732136,7,HandRight,-0.07954023,0.8411846,0.1456427,-0.6555393,-0.03601412,0.3635275,0.6609229,1,HandLeft,-0.4535591,0.8312495,-0.04722264,0.7216496,-0.2731672,-0.1188398,0.624883
50,4,FootRight,-0.1417072,0.04802521,0.07358445,0.9881213,-0.005293161,-0.1520574,0.02161109,2,FootLeft,-0.340847,0.04402735,-0.04566883,0.9970092,0.005238086,-0.07647005,-0.009885091,3,Torso,-0.2641971,-0.02044332,0.05501139,-0.97878,0.0009240154,0.2048031,0.006674737,7,HandRight,-0.07972515,0.841132,0.1458506,-0.6561435,-0.03961675,0.3646413,0.659502,1,HandLeft,-0.4539358,0.8313735,-0.04662345,0.7219644,-0.27316,-0.117491,0.6247777
51,4,FootRight,-0.1416738,0.04801779,0.07345137,0.9881236,-0.005308956,-0.1520381,0.02163535,2,FootLeft,-0.3408969,0.0440226,-0.04564254,0.9970194,0.00522238,-0.07634737,-0.009807462,3,Torso,-0.2640176,-0.02044851,0.05478239,-0.978802,0.0008198703,0.2046994,0.006652623,7,HandRight,-0.07999629,0.8411648,0.1459046,-0.6565117,-0.0420979,0.3658779,0.6582958,1,HandLeft,-0.4542354,0.8315252,-0.04605769,0.7225485,-0.2729558,-0.1162502,0.6244235
52,4,FootRight,-0.1415134,0.04796899,0.07334222,0.9881189,-0.005445182,-0.1520742,0.02156157,2,FootLeft,-0.3407982,0.04379194,-0.04576096,0.9970121,0.005193621,-0.0764356,-0.009871719,3,Torso,-0.2638192,-0.02053136,0.05407017,-0.9788105,0.0007498041,0.2046542,0.006788731,7,HandRight,-0.07991386,0.8409459,0.1458234,-0.6564607,-0.04368551,0.3672325,0.6574886,1,HandLeft,-0.454411,0.8314055,-0.04564998,0.7228376,-0.2730508,-0.1152388,0.6242349
53,4,FootRight,-0.1415722,0.04770119,0.07341982,0.9881202,-0.005477786,-0.1520721,0.02150846,2,FootLeft,-0.3407644,0.04377203,-0.04577966,0.9970198,0.005153418,-0.07633662,-0.009886611,3,Torso,-0.2637548,-0.02057898,0.05391014,-0.9788118,0.0006870572,0.2046477,0.006810367,7,HandRight,-0.08002967,0.8407699,0.1458228,-0.6561188,-0.04527321,0.3689407,0.6567658,1,HandLeft,-0.4547169,0.8314986,-0.04506445,0.7228068,-0.2737555,-0.1143279,0.6241294
54,4,FootRight,-0.1414818,0.04763626,0.07325746,0.9881274,-0.005537897,-0.1520068,0.02161893,2,FootLeft,-0.3407397,0.04374599,-0.0457679,0.9970194,0.005183369,-0.07634316,-0.009862406,3,Torso,-0.2640879,-0.02062702,0.05422813,-0.978807,0.0008737929,0.2046645,0.006974012,7,HandRight,-0.07995108,0.8407164,0.1458324,-0.6557524,-0.04603399,0.3699091,0.6565341,1,HandLeft,-0.454973,0.8315831,-0.04451403,0.7230517,-0.2742922,-0.1132655,0.6238036
55,4,FootRight,-0.1416177,0.04813717,0.07336275,0.9881237,-0.005549312,-0.1520302,0.02162521,2,FootLeft,-0.3408276,0.04393161,-0.04570227,0.9970127,0.005196065,-0.07643959,-0.009785732,3,Torso,-0.2642422,-0.02051699,0.05451354,-0.9788146,0.0008945083,0.2046283,0.006966621,7,HandRight,-0.08007544,0.8410352,0.1460643,-0.6553812,-0.04694533,0.3705939,0.6564541,1,HandLeft,-0.4554655,0.8320484,-0.04376046,0.7230598,-0.2750376,-0.1123793,0.6236262
56,4,FootRight,-0.1416343,0.04789983,0.0734284,0.9881319,-0.005562395,-0.151979,0.02160521,2,FootLeft,-0.3407737,0.0439701,-0.045749,0.9970141,0.005209148,-0.07641474,-0.00982696,3,Torso,-0.2644594,-0.02051187,0.05471158,-0.9788241,0.001029967,0.2045791,0.007056594,7,HandRight,-0.07999031,0.8410484,0.1461841,-0.6549398,-0.04755813,0.3709237,0.6566643,1,HandLeft,-0.4556906,0.8321968,-0.04321666,0.7230196,-0.2758346,-0.1113047,0.6235136
57,4,FootRight,-0.1415247,0.04786743,0.07329164,0.9881378,-0.005499363,-0.1519447,0.02159302,2,FootLeft,-0.3407433,0.04394032,-0.04573742,0.9970199,0.0051983,-0.07634004,-0.009828258,3,Torso,-0.264448,-0.02043915,0.05476004,-0.9788561,0.001124274,0.2044238,0.007106572,7,HandRight,-0.07994026,0.8410671,0.1462492,-0.6547189,-0.04847659,0.3709427,0.6568065,1,HandLeft,-0.4559029,0.8323111,-0.04258003,0.7230136,-0.276758,-0.1103896,0.623274
58,4,FootRight,-0.1415573,0.04826736,0.07337926,0.9881341,-0.005512745,-0.1519682,0.02159304,2,FootLeft,-0.3407742,0.04401721,-0.04574223,0.9970124,0.005227655,-0.07643215,-0.009857219,3,Torso,-0.2645368,-0.0203796,0.05481789,-0.9788835,0.001182024,0.2042903,0.007158638,7,HandRight,-0.07996322,0.84121,0.1464393,-0.6546068,-0.04935373,0.3707905,0.6569388,1,HandLeft,-0.4561973,0.8325521,-0.04191937,0.7231021,-0.2775151,-0.1093809,0.6230125
59,4,FootRight,-0.1417096,0.04795017,0.07356007,0.9881322,-0.00547272,-0.1519832,0.02158615,2,FootLeft,-0.3408345,0.04396282,-0.04570103,0.9970203,0.005177439,-0.07634056,-0.009787821,3,Torso,-0.264718,-0.02037573,0.05479801,-0.9789088,0.001198367,0.2041646,0.007270873,7,HandRight,-0.07995274,0.8412564,0.1466402,-0.6543254,-0.05056864,0.3700435,0.6575476,1,HandLeft,-0.4564582,0.8326382,-0.04119802,0.7232834,-0.2778485,-0.1083774,0.6228288
60,4,FootRight,-0.1416155,0.0478963,0.07342803,0.9881274,-0.005593061,-0.1520039,0.02162678,2,FootLeft,-0.3408464,0.04402701,-0.04565338,0.9970247,0.005225927,-0.07628532,-0.009749321,3,Torso,-0.2643867,-0.02041441,0.05448472,-0.9789288,0.001013991,0.2040755,0.007121295,7,HandRight,-0.08000655,0.8413223,0.1467582,-0.6546614,-0.05138214,0.3688923,0.657797,1,HandLeft,-0.4566465,0.8327757,-0.04053737,0.7236925,-0.2777904,-0.1073437,0.6225584
61,4,FootRight,-0.1416285,0.04827075,0.07349607,0.988127,-0.005510092,-0.1520274,0.02150408,2,FootLeft,-0.3408188,0.044012,-0.04566209,0.9970129,0.005239129,-0.07643527,-0.00977901,3,Torso,-0.2640351,-0.02041882,0.05405647,-0.9789244,0.0008060234,0.2041013,0.00700292,7,HandRight,-0.08003007,0.8414898,0.1469312,-0.6548362,-0.05201632,0.3679423,0.6581051,1,HandLeft,-0.4568602,0.832992,-0.03982019,0.7240085,-0.277782,-0.1062785,0.6223776
62,4,FootRight,-0.1417213,0.04802499,0.07361402,0.9881228,-0.005563378,-0.1520422,0.02157775,2,FootLeft,-0.340828,0.04400982,-0.04567538,0.9970205,0.005200475,-0.07634646,-0.00971793,3,Torso,-0.263781,-0.02043331,0.05381364,-0.9789174,0.0006664573,0.2041392,0.006902249,7,HandRight,-0.07986196,0.8415385,0.1469285,-0.6547207,-0.05253136,0.3673788,0.6584939,1,HandLeft,-0.456952,0.8331107,-0.03916418,0.7246816,-0.2770136,-0.1049475,0.6221623
63,4,FootRight,-0.1416835,0.0480322,0.07349331,0.9881284,-0.005508482,-0.1520092,0.02156852,2,FootLeft,-0.3408446,0.04404266,-0.04566129,0.9970217,0.005136043,-0.07633329,-0.009730167,3,Torso,-0.2631634,-0.02044618,0.052957,-0.978872,0.000272885,0.2043664,0.006632001,7,HandRight,-0.0796409,0.8415103,0.1467421,-0.6542559,-0.05301976,0.3677049,0.6587346,1,HandLeft,-0.4571009,0.8332838,-0.03856875,0.7250867,-0.2766644,-0.1037666,0.6220438
64,4,FootRight,-0.1417024,0.04826389,0.073472,0.9881325,-0.005538344,-0.1519826,0.02155872,2,FootLeft,-0.3408573,0.04403388,-0.0457156,0.9970129,0.005113453,-0.07644615,-0.009757971,3,Torso,-0.2625625,-0.02049732,0.05209816,-0.9788703,-5.384814E-05,0.2043798,0.006474853,7,HandRight,-0.07944448,0.8415027,0.1465017,-0.6538968,-0.05227321,0.36746,0.6592873,1,HandLeft,-0.4571466,0.8333319,-0.03803135,0.725744,-0.2764986,-0.1025059,0.6215599
65,4,FootRight,-0.1417693,0.04803806,0.0735608,0.9881274,-0.005547792,-0.1520172,0.02155132,2,FootLeft,-0.3408712,0.04400466,-0.04570789,0.997021,0.00503239,-0.0763485,-0.009736225,3,Torso,-0.2618878,-0.02059561,0.05115443,-0.9788835,-0.0005794186,0.2043236,0.006215394,7,HandRight,-0.0792542,0.841467,0.1462875,-0.6536722,-0.05093394,0.3666991,0.6600382,1,HandLeft,-0.4571974,0.8333931,-0.03755674,0.7260102,-0.2764509,-0.1010346,0.6215112
66,4,FootRight,-0.1418678,0.04826536,0.07349491,0.9881313,-0.005609572,-0.1519856,0.02157699,2,FootLeft,-0.3408808,0.04400561,-0.04572918,0.9970217,0.005060136,-0.07633363,-0.009764511,3,Torso,-0.2612942,-0.02064264,0.05005208,-0.9788959,-0.001116722,0.2042683,0.006004095,7,HandRight,-0.07920386,0.8414059,0.146014,-0.6540018,-0.04960024,0.3659785,0.660213,1,HandLeft,-0.457281,0.8334449,-0.03712583,0.7261742,-0.276219,-0.09990187,0.6216057
67,4,FootRight,-0.1417189,0.04825941,0.07342308,0.9881325,-0.005568922,-0.1519855,0.02153104,2,FootLeft,-0.3408572,0.0440382,-0.04569285,0.9970173,0.005084038,-0.07638223,-0.009815327,3,Torso,-0.2608017,-0.02073419,0.04880702,-0.9789716,-0.001714658,0.2039033,0.005928487,7,HandRight,-0.07910652,0.8413717,0.1457904,-0.6541499,-0.04866415,0.3656016,0.6603447,1,HandLeft,-0.4573517,0.8335098,-0.03667466,0.7262722,-0.2760679,-0.09862693,0.621762
68,4,FootRight,-0.1417735,0.04804654,0.07349883,0.9881315,-0.005638271,-0.1519867,0.02155304,2,FootLeft,-0.3407974,0.04406871,-0.04575443,0.9970216,0.005030781,-0.07633235,-0.009804884,3,Torso,-0.2606895,-0.02077556,0.04821122,-0.9790351,-0.002025392,0.2035952,0.00593099,7,HandRight,-0.07893189,0.8413835,0.1454994,-0.6542587,-0.04772279,0.3652965,0.6604744,1,HandLeft,-0.4572857,0.8335727,-0.0362878,0.7263355,-0.2761889,-0.09718533,0.6218613
69,4,FootRight,-0.1416795,0.04802976,0.07336837,0.9881245,-0.005610257,-0.1520453,0.02146155,2,FootLeft,-0.3408091,0.0440878,-0.04576533,0.9970217,0.005029023,-0.07633323,-0.009783415,3,Torso,-0.2603808,-0.02072537,0.04761076,-0.9790874,-0.002279037,0.203342,0.005899608,7,HandRight,-0.07896113,0.8413893,0.1452248,-0.6551557,-0.04730327,0.3644675,0.6600735,1,HandLeft,-0.4572987,0.833626,-0.03595947,0.7265358,-0.2757645,-0.09572403,0.6220422
70,4,FootRight,-0.1417231,0.04826764,0.0733127,0.9881256,-0.005656481,-0.1520337,0.02148584,2,FootLeft,-0.3408305,0.04405159,-0.04585904,0.9970122,0.00496617,-0.07645252,-0.009851556,3,Torso,-0.2603857,-0.02069831,0.04740998,-0.9791211,-0.00226785,0.2031777,0.005967289,7,HandRight,-0.07896891,0.8414539,0.1451069,-0.6559311,-0.04674494,0.3632343,0.6600229,1,HandLeft,-0.4573165,0.833713,-0.03558587,0.7265836,-0.275115,-0.09464136,0.6224396
71,4,FootRight,-0.1418882,0.04800016,0.07343924,0.9881352,-0.005581707,-0.1519714,0.02150234,2,FootLeft,-0.3408976,0.04398917,-0.04583665,0.997022,0.004884928,-0.07634948,-0.009693753,3,Torso,-0.2600862,-0.02072024,0.04748908,-0.9791374,-0.002257969,0.2031045,0.005792857,7,HandRight,-0.07896836,0.8414628,0.1450366,-0.6564597,-0.04711722,0.3621574,0.6600626,1,HandLeft,-0.4574433,0.8336659,-0.03512292,0.7266489,-0.2744364,-0.09343848,0.6228446
72,4,FootRight,-0.1418173,0.04796875,0.07329904,0.9881347,-0.005684495,-0.1519671,0.02153181,2,FootLeft,-0.3409262,0.04398452,-0.04587182,0.9970224,0.004893392,-0.07633729,-0.009745551,3,Torso,-0.2599092,-0.02068079,0.04760829,-0.9791037,-0.002164985,0.2032715,0.00565207,7,HandRight,-0.078967,0.8414385,0.1447561,-0.6569327,-0.04698169,0.3617822,0.6598075,1,HandLeft,-0.4574548,0.8337002,-0.03482943,0.7267852,-0.2733781,-0.09233993,0.6233146
73,4,FootRight,-0.1417634,0.04824101,0.07342924,0.988141,-0.005618244,-0.1519418,0.02143632,2,FootLeft,-0.3408638,0.04401831,-0.04578398,0.9970189,0.004933774,-0.07636669,-0.009854604,3,Torso,-0.2596686,-0.02070355,0.04747665,-0.9790843,-0.002208563,0.2033681,0.005523175,7,HandRight,-0.07883014,0.8414586,0.1445607,-0.657076,-0.0464572,0.3616638,0.6597668,1,HandLeft,-0.4574243,0.83377,-0.03441847,0.7269115,-0.2726867,-0.09119268,0.623639
74,4,FootRight,-0.1418458,0.04798795,0.07352851,0.9881427,-0.005605846,-0.1519337,0.02141841,2,FootLeft,-0.3408947,0.04396935,-0.04577643,0.9970241,0.004915714,-0.07630643,-0.009814473,3,Torso,-0.2595462,-0.0207032,0.04745215,-0.979097,-0.002231176,0.2033091,0.005433798,7,HandRight,-0.07860584,0.841409,0.1442627,-0.6569509,-0.04557617,0.3614637,0.6600625,1,HandLeft,-0.457356,0.8337461,-0.03423905,0.726846,-0.2716313,-0.0900849,0.6243365
75,4,FootRight,-0.1415729,0.04793939,0.07350349,0.9881465,-0.005608529,-0.1519108,0.02140541,2,FootLeft,-0.3407751,0.04391346,-0.0457015,0.9970244,0.004881233,-0.07629338,-0.00988897,3,Torso,-0.2592715,-0.02067137,0.04709375,-0.9791589,-0.002462294,0.2030064,0.005488157,7,HandRight,-0.0782119,0.8413007,0.1440725,-0.6571326,-0.04402792,0.3608167,0.6603407,1,HandLeft,-0.4571375,0.8336676,-0.03390843,0.7269241,-0.2704966,-0.08876656,0.6249268
76,4,FootRight,-0.1415898,0.04823841,0.07350414,0.988144,-0.005577624,-0.1519369,0.0213451,2,FootLeft,-0.3408006,0.04393759,-0.04572251,0.9970202,0.004882454,-0.07634867,-0.009886635,3,Torso,-0.258896,-0.0207181,0.04661039,-0.9792292,-0.002710922,0.2026676,0.005358667,7,HandRight,-0.07812576,0.8413339,0.143804,-0.6573337,-0.04278076,0.3601519,0.6605853,1,HandLeft,-0.4571009,0.8336771,-0.0337157,0.7269672,-0.2696774,-0.08758137,0.6253976
77,4,FootRight,-0.1416994,0.0479625,0.07365139,0.9881439,-0.005557626,-0.1519378,0.02134728,2,FootLeft,-0.3408553,0.04390561,-0.04572141,0.9970245,0.004849106,-0.07630588,-0.009798147,3,Torso,-0.2583492,-0.02076584,0.04611912,-0.9792858,-0.003001326,0.2023958,0.005129874,7,HandRight,-0.07794417,0.8412684,0.1435927,-0.6570778,-0.04176177,0.3599581,0.6610106,1,HandLeft,-0.4570163,0.8336217,-0.03377765,0.7272787,-0.2697558,-0.08614498,0.6252011
78,4,FootRight,-0.1418287,0.04820659,0.07360941,0.9881453,-0.005566388,-0.1519256,0.02136683,2,FootLeft,-0.3408757,0.04391237,-0.04570524,0.9970328,0.004792482,-0.07620843,-0.009744378,3,Torso,-0.2578704,-0.02079672,0.04517657,-0.9793603,-0.00340677,0.2020344,0.004901022,7,HandRight,-0.07800534,0.8412812,0.1433033,-0.6573066,-0.04107369,0.3595412,0.6610529,1,HandLeft,-0.4568735,0.8335725,-0.03371578,0.7278867,-0.2690524,-0.08484845,0.6249741
79,4,FootRight,-0.1416819,0.04820607,0.07353149,0.9881347,-0.005498111,-0.1520028,0.02132663,2,FootLeft,-0.3408651,0.04388642,-0.04571159,0.9970261,0.004777909,-0.07628446,-0.009845098,3,Torso,-0.2572607,-0.02091229,0.04454654,-0.9794266,-0.003747517,0.2017126,0.004656733,7,HandRight,-0.07800347,0.8413537,0.1431477,-0.6578393,-0.04038382,0.3587261,0.6610085,1,HandLeft,-0.456824,0.8333928,-0.03364421,0.7289954,-0.2674516,-0.08379757,0.6245105
80,4,FootRight,-0.1417704,0.04796605,0.07363266,0.9881466,-0.005500287,-0.1519253,0.02132625,2,FootLeft,-0.3408581,0.04387002,-0.04573424,0.9970316,0.004798174,-0.07621425,-0.009819219,3,Torso,-0.2568935,-0.02097648,0.04395121,-0.9794926,-0.004072628,0.2013883,0.004522741,7,HandRight,-0.07797319,0.8413887,0.1430216,-0.6584004,-0.04072422,0.3580433,0.6607991,1,HandLeft,-0.4567047,0.8332787,-0.03368175,0.7304671,-0.2657602,-0.08275805,0.623651
81,4,FootRight,-0.1417195,0.0479515,0.07350281,0.9881516,-0.005423367,-0.1518982,0.02130659,2,FootLeft,-0.3408683,0.0438466,-0.04574051,0.9970292,0.004762114,-0.07624509,-0.009834743,3,Torso,-0.2564655,-0.02095306,0.04328483,-0.9795589,-0.004344961,0.2010631,0.004374087,7,HandRight,-0.07798038,0.8414189,0.142838,-0.6590281,-0.04065742,0.357471,0.6604873,1,HandLeft,-0.4566158,0.8332238,-0.03361842,0.7312039,-0.2647659,-0.0812789,0.623405
82,4,FootRight,-0.1417247,0.04821899,0.07356116,0.9881521,-0.005459428,-0.1519013,0.02125054,2,FootLeft,-0.340876,0.04388716,-0.04570474,0.9970286,0.004764974,-0.07625187,-0.009852219,3,Torso,-0.2561521,-0.02101088,0.04289019,-0.9796147,-0.004580701,0.2007889,0.004233539,7,HandRight,-0.07793648,0.8415588,0.1427203,-0.6592038,-0.04022451,0.3572167,0.6604762,1,HandLeft,-0.4565237,0.8331257,-0.03366886,0.7317052,-0.2643918,-0.07921327,0.6232413
83,4,FootRight,-0.1417399,0.04802988,0.07361643,0.9881476,-0.005476058,-0.1519282,0.02126785,2,FootLeft,-0.3408614,0.04387047,-0.0457199,0.9970329,0.004679501,-0.07619658,-0.009884814,3,Torso,-0.2559188,-0.02103567,0.04273814,-0.9796886,-0.00468509,0.2004278,0.004122734,7,HandRight,-0.07776505,0.8415321,0.1424851,-0.6590817,-0.03998254,0.3575386,0.6604385,1,HandLeft,-0.4565344,0.8330953,-0.03390404,0.7315641,-0.2625302,-0.07727008,0.6244368
84,4,FootRight,-0.1418336,0.04825351,0.07353969,0.988148,-0.005460292,-0.1519279,0.02125028,2,FootLeft,-0.3408859,0.04387438,-0.04573058,0.9970344,0.004645944,-0.07617588,-0.009897438,3,Torso,-0.2556132,-0.02093238,0.04209936,-0.9797426,-0.004824142,0.200162,0.004038244,7,HandRight,-0.07776792,0.841543,0.1422915,-0.659257,-0.03948303,0.3574658,0.660333,1,HandLeft,-0.4564486,0.8330642,-0.0340592,0.7323046,-0.2604795,-0.07582979,0.6246041
85,4,FootRight,-0.1416771,0.0482434,0.07350801,0.9881552,-0.005513936,-0.1518886,0.02118393,2,FootLeft,-0.3408445,0.04385649,-0.04569669,0.9970286,0.004677207,-0.07624585,-0.009933847,3,Torso,-0.2554366,-0.02095348,0.0418615,-0.9798173,-0.004965682,0.1997945,0.003958106,7,HandRight,-0.07765371,0.841535,0.1421812,-0.6594466,-0.03891812,0.3570942,0.6603782,1,HandLeft,-0.4563673,0.8330007,-0.034109,0.7328465,-0.2590903,-0.0743172,0.6247281
86,4,FootRight,-0.1417555,0.04798954,0.07361694,0.9881508,-0.005515694,-0.1519186,0.02117843,2,FootLeft,-0.3408377,0.04382397,-0.04569848,0.9970328,0.004633695,-0.07619742,-0.009914907,3,Torso,-0.2551996,-0.02088225,0.04151067,-0.979884,-0.005084805,0.1994649,0.003916532,7,HandRight,-0.07751294,0.8415365,0.1420676,-0.6593776,-0.03906924,0.3570174,0.6604797,1,HandLeft,-0.4562868,0.8329371,-0.03415943,0.7333858,-0.2576984,-0.07280289,0.6248492
87,4,FootRight,-0.1418389,0.04825921,0.07361801,0.9881415,-0.005535602,-0.151962,0.02129347,2,FootLeft,-0.3408605,0.04385284,-0.04567213,0.9970377,0.004590482,-0.07613573,-0.009905314,3,Torso,-0.2550769,-0.02091587,0.04125643,-0.979939,-0.005223057,0.1991916,0.003862381,7,HandRight,-0.07747292,0.8415645,0.1419235,-0.6596791,-0.03914912,0.3569215,0.6602256,1,HandLeft,-0.456207,0.8328733,-0.03421017,0.7339219,-0.2563052,-0.07128754,0.6249677
88,4,FootRight,-0.1417719,0.04823114,0.07342818,0.9881477,-0.005627573,-0.1519181,0.02129462,2,FootLeft,-0.3409019,0.04383721,-0.04578073,0.997028,0.004638642,-0.07626376,-0.009879733,3,Torso,-0.2548689,-0.02090102,0.04101604,-0.9799905,-0.005275519,0.1989379,0.003799796,7,HandRight,-0.07742239,0.8415689,0.1417361,-0.6598694,-0.03893334,0.3564305,0.6603134,1,HandLeft,-0.4569481,0.8336472,-0.03437833,0.7333401,-0.2571579,-0.0714246,0.6252844
89,4,FootRight,-0.1419094,0.0479616,0.07357944,0.9881415,-0.005607366,-0.1519603,0.02128129,2,FootLeft,-0.3408929,0.04377694,-0.04575489,0.9970324,0.004572392,-0.07620905,-0.009887388,3,Torso,-0.2547001,-0.02095681,0.04103956,-0.980037,-0.005303088,0.1987096,0.003711879,7,HandRight,-0.07734118,0.8415421,0.1416412,-0.659815,-0.03907733,0.3561782,0.6604955,1,HandLeft,-0.4571441,0.8337458,-0.03428753,0.7351774,-0.2528848,-0.06781128,0.6252721
90,4,FootRight,-0.1419635,0.04821344,0.07360221,0.9881446,-0.00560671,-0.1519438,0.02125663,2,FootLeft,-0.3408791,0.04375896,-0.04576579,0.9970342,0.004630953,-0.07618399,-0.00986892,3,Torso,-0.2548753,-0.02095193,0.04149806,-0.9800943,-0.005027818,0.1984335,0.003753275,7,HandRight,-0.07732335,0.8416327,0.1415072,-0.6598976,-0.03895135,0.3560837,0.6604714,1,HandLeft,-0.4573368,0.8338947,-0.03465263,0.7358409,-0.2484471,-0.06374206,0.6266971
91,4,FootRight,-0.1418082,0.04818937,0.07356049,0.9881539,-0.005656809,-0.1518854,0.02123281,2,FootLeft,-0.340883,0.04382341,-0.04569899,0.9970241,0.004652292,-0.07630298,-0.009965322,3,Torso,-0.2551301,-0.02093911,0.04190236,-0.9801717,-0.004804817,0.1980546,0.003836721,7,HandRight,-0.07726426,0.8416106,0.1413255,-0.6600592,-0.03852649,0.3558786,0.6604452,1,HandLeft,-0.4577866,0.8341352,-0.03499829,0.735892,-0.2433632,-0.05885474,0.6291052
92,4,FootRight,-0.1418866,0.04798708,0.07365343,0.9881554,-0.005639255,-0.1518684,0.02128911,2,FootLeft,-0.3408608,0.04383429,-0.04573566,0.9970326,0.00465992,-0.07620054,-0.009891852,3,Torso,-0.2554902,-0.02088147,0.04228479,-0.9802415,-0.004526284,0.1977126,0.003991991,7,HandRight,-0.07715435,0.841584,0.141111,-0.6601438,-0.03828874,0.3558581,0.6603856,1,HandLeft,-0.4579348,0.8342319,-0.03556025,0.7351567,-0.2407241,-0.05422065,0.6313927
93,4,FootRight,-0.1419438,0.04820225,0.07362859,0.988149,-0.005731673,-0.1519138,0.02123529,2,FootLeft,-0.3408598,0.04378872,-0.0457513,0.9970343,0.004625381,-0.07617957,-0.009897835,3,Torso,-0.2559602,-0.02085781,0.04280135,-0.9803069,-0.004216885,0.197391,0.004176557,7,HandRight,-0.07714105,0.8415377,0.1409077,-0.6602747,-0.03794014,0.3558674,0.6602699,1,HandLeft,-0.4573902,0.8331302,-0.03626709,0.7349454,-0.2385321,-0.04892376,0.6329014
94,4,FootRight,-0.1418002,0.04820451,0.07362492,0.9881495,-0.00568825,-0.1519233,0.02115572,2,FootLeft,-0.3408272,0.04382003,-0.04569215,0.9970282,0.004699647,-0.07625329,-0.009914607,3,Torso,-0.2562328,-0.02084863,0.04313833,-0.9803665,-0.00400928,0.1970968,0.004284889,7,HandRight,-0.07707247,0.8415396,0.1408374,-0.6604111,-0.03729279,0.3556535,0.6602856,1,HandLeft,-0.4574376,0.8331218,-0.03663033,0.7351283,-0.235712,-0.04494652,0.6340395
95,4,FootRight,-0.1418591,0.0479694,0.07368407,0.9881587,-0.005698084,-0.151864,0.02114758,2,FootLeft,-0.3408252,0.04378854,-0.04569772,0.9970334,0.004638345,-0.07618807,-0.009915459,3,Torso,-0.2563643,-0.0207783,0.04335651,-0.9803841,-0.003791837,0.1970135,0.00430283,7,HandRight,-0.07684705,0.841503,0.1407307,-0.6600542,-0.03701703,0.3556294,0.660671,1,HandLeft,-0.458049,0.8346838,-0.03645693,0.7323511,-0.2375103,-0.04395954,0.6366463
96,4,FootRight,-0.1420234,0.04824723,0.07365181,0.9881495,-0.0056943,-0.1519131,0.02122888,2,FootLeft,-0.340928,0.04391583,-0.04567553,0.997036,0.004686892,-0.0761627,-0.009828716,3,Torso,-0.2565053,-0.02079523,0.04371321,-0.9804108,-0.00365359,0.1968827,0.004291922,7,HandRight,-0.07689141,0.8415455,0.1406238,-0.6601459,-0.03680289,0.3553509,0.660741,1,HandLeft,-0.4583992,0.8345522,-0.03562495,0.7321392,-0.242409,-0.04912961,0.6346624
97,4,FootRight,-0.1418847,0.04824237,0.07361513,0.9881544,-0.005737066,-0.1518894,0.02116002,2,FootLeft,-0.3409069,0.04389707,-0.04570036,0.9970337,0.004741341,-0.07619001,-0.00982534,3,Torso,-0.2564623,-0.02082491,0.0434919,-0.9804281,-0.003761263,0.1967951,0.004272431,7,HandRight,-0.07679701,0.8415437,0.1405451,-0.6602725,-0.03649625,0.3548763,0.6608865,1,HandLeft,-0.4585652,0.8347121,-0.03551406,0.7307478,-0.2484689,-0.05201366,0.633692
98,4,FootRight,-0.141896,0.04810545,0.07363468,0.9881569,-0.005733073,-0.1518765,0.02113613,2,FootLeft,-0.340872,0.04388986,-0.04566602,0.9970302,0.004711568,-0.07623485,-0.009839491,3,Torso,-0.2561386,-0.02080286,0.04322171,-0.9804643,-0.003880638,0.196615,0.0041596,7,HandRight,-0.07662592,0.8416176,0.1404159,-0.6601489,-0.03640017,0.3545797,0.6611745,1,HandLeft,-0.4580512,0.8337418,-0.03588359,0.7306848,-0.2485779,-0.05388305,0.6335657
99,4,FootRight,-0.1419286,0.04826963,0.07355611,0.9881532,-0.005762457,-0.1518923,0.02118152,2,FootLeft,-0.3408157,0.04392564,-0.04574886,0.9970327,0.004600465,-0.07620217,-0.009888618,3,Torso,-0.2557863,-0.02088886,0.04271111,-0.9805393,-0.004122441,0.1962374,0.004077643,7,HandRight,-0.07665417,0.8416185,0.1402514,-0.6606219,-0.03654832,0.3543595,0.6608118,1,HandLeft,-0.4585887,0.833679,-0.03551979,0.7295687,-0.2486134,-0.0547495,0.6347625
100,4,FootRight,-0.1418158,0.04826539,0.07347614,0.988156,-0.005735397,-0.1518811,0.02114249,2,FootLeft,-0.3407991,0.04393989,-0.04574187,0.9970322,0.004602015,-0.07621454,-0.00984633,3,Torso,-0.2557912,-0.02097422,0.0423339,-0.9806055,-0.004329938,0.1959007,0.004126519,7,HandRight,-0.07659941,0.8415979,0.1401159,-0.6608486,-0.03621714,0.3541377,0.6607224,1,HandLeft,-0.4584473,0.8331536,-0.03648476,0.7302617,-0.2458123,-0.05280875,0.6352207
101,4,FootRight,-0.1418487,0.04808754,0.0735075,0.9881594,-0.005784422,-0.1518652,0.0210865,2,FootLeft,-0.3407803,0.04394852,-0.04583644,0.9970329,0.004604638,-0.07620544,-0.009848991,3,Torso,-0.2558897,-0.02102393,0.04238069,-0.9806545,-0.004317205,0.1956545,0.004181921,7,HandRight,-0.07649728,0.8416208,0.1399792,-0.6609077,-0.03605971,0.3539158,0.6607909,1,HandLeft,-0.4585158,0.8331321,-0.03655663,0.7298506,-0.2461065,-0.05291051,0.6355707
102,4,FootRight,-0.1417445,0.04808582,0.07337882,0.9881568,-0.005702615,-0.151882,0.02110685,2,FootLeft,-0.3407328,0.04394852,-0.04584429,0.997027,0.004598111,-0.07628004,-0.009873018,3,Torso,-0.2561975,-0.02094698,0.04318458,-0.980655,-0.003903211,0.1956586,0.004291743,7,HandRight,-0.07652257,0.8416198,0.139844,-0.6612116,-0.03567766,0.353604,0.6606743,1,HandLeft,-0.4578573,0.8326854,-0.03720282,0.7307003,-0.2455687,-0.0497542,0.6350573
103,4,FootRight,-0.1417128,0.04829764,0.0734171,0.9881595,-0.005752831,-0.1518745,0.02102046,2,FootLeft,-0.3407036,0.04395428,-0.04584479,0.997026,0.004655242,-0.07628504,-0.009908431,3,Torso,-0.256646,-0.0209626,0.04406518,-0.9805991,-0.003410749,0.1959447,0.004414201,7,HandRight,-0.0764389,0.8415585,0.1397449,-0.6614178,-0.03523326,0.3533673,0.6606184,1,HandLeft,-0.4578576,0.832967,-0.03727721,0.7298782,-0.2458528,-0.04978161,0.6358899
104,4,FootRight,-0.1418328,0.04800349,0.07354483,0.9881594,-0.00579074,-0.1518661,0.02107993,2,FootLeft,-0.3406759,0.04395145,-0.04586263,0.997024,0.004682273,-0.07631255,-0.009880789,3,Torso,-0.2569703,-0.02095783,0.04481566,-0.980518,-0.003002662,0.1963558,0.004461587,7,HandRight,-0.07640012,0.8414339,0.1397257,-0.6614383,-0.03527272,0.3531359,0.6607195,1,HandLeft,-0.4578079,0.8328863,-0.03746588,0.7276515,-0.2477003,-0.05258923,0.6374968
